{
    "loss": 0.19141708314418793,
    "accuracy": 0.9803921580314636
}