{
    "loss": 24.871976852416992,
    "accuracy": 0.4313725531101227
}