{
    "loss": 7.009888172149658,
    "accuracy": 0.4313725531101227
}