{
    "loss": 0.015947863459587097,
    "accuracy": 0.9901960492134094
}